{"latency": 0.06157232182366507, "size_kb": 15.0908203125, "accuracy_seen": 91.62295081967213, "zeroday_rate": 100.0, "fpr": 36.5, "threshold": 0.0006682968232780695}