{"latency": 0.1251016344342913, "size_kb": 15.0908203125, "accuracy_seen": 92.73770491803278, "zeroday_rate": 100.0, "fpr": 31.642857142857146, "threshold": 0.0005044649005867541}